URL,Redirect to
http://www.allcosmeticswholesale.com/stpefostshd.html,http://www.allcosmeticswholesale.com/
http://www.allcosmeticswholesale.com/macoselipipl1.html,http://www.allcosmeticswholesale.com/
http://www.allcosmeticswholesale.com/lacofelifucl.html,http://www.allcosmeticswholesale.com/
http://www.allcosmeticswholesale.com/baesbamieyec4.html,http://www.allcosmeticswholesale.com/
http://www.allcosmeticswholesale.com/nasotoshpequ.html,http://www.allcosmeticswholesale.com/
http://www.allcosmeticswholesale.com/baesbamifome.html,http://www.allcosmeticswholesale.com/
http://www.allcosmeticswholesale.com/bobrcopaforf.html,http://www.allcosmeticswholesale.com/
http://www.allcosmeticswholesale.com/kraqinsire44.html,http://www.allcosmeticswholesale.com/
http://www.allcosmeticswholesale.com/leyeshqucoof.html,http://www.allcosmeticswholesale.com/
http://www.allcosmeticswholesale.com/baesbamiglfi.html,http://www.allcosmeticswholesale.com/
http://www.allcosmeticswholesale.com/clsumahe0di.html,http://www.allcosmeticswholesale.com/
http://www.allcosmeticswholesale.com/nafifopu.html,http://www.allcosmeticswholesale.com/
http://www.allcosmeticswholesale.com/mamipocoiv.html,http://www.allcosmeticswholesale.com/
http://www.allcosmeticswholesale.com/baesbamimuta.html,http://www.allcosmeticswholesale.com/
http://www.allcosmeticswholesale.com/clsumoglco.html,http://www.allcosmeticswholesale.com/
http://www.allcosmeticswholesale.com/occnalash.html,http://www.allcosmeticswholesale.com/
http://www.allcosmeticswholesale.com/naduocreyesh3.html,http://www.allcosmeticswholesale.com/
http://www.allcosmeticswholesale.com/maceyeshreny.html,http://www.allcosmeticswholesale.com/
http://www.allcosmeticswholesale.com/ysllolanalat.html,http://www.allcosmeticswholesale.com/
http://www.allcosmeticswholesale.com/eslaidtrex3p.html,http://www.allcosmeticswholesale.com/
http://www.allcosmeticswholesale.com/macflbrblw22.html,http://www.allcosmeticswholesale.com/
http://www.allcosmeticswholesale.com/nyxmalinu.html,http://www.allcosmeticswholesale.com/
http://www.allcosmeticswholesale.com/lcorilibepi.html,http://www.allcosmeticswholesale.com/
http://www.allcosmeticswholesale.com/eslatelipbat3.html,http://www.allcosmeticswholesale.com/
http://www.allcosmeticswholesale.com/yslpamaforco.html,http://www.allcosmeticswholesale.com/
http://www.allcosmeticswholesale.com/baesbamifaco.html,http://www.allcosmeticswholesale.com/
http://www.allcosmeticswholesale.com/bobrexbari.html,http://www.allcosmeticswholesale.com/
http://www.allcosmeticswholesale.com/occlococodo.html,http://www.allcosmeticswholesale.com/
http://www.allcosmeticswholesale.com/rocispcalipg.html,http://www.allcosmeticswholesale.com/
http://www.allcosmeticswholesale.com/nalimiub.html,http://www.allcosmeticswholesale.com/
http://www.allcosmeticswholesale.com/eslarenufr.html,http://www.allcosmeticswholesale.com/
http://www.allcosmeticswholesale.com/smlilisetcaf.html,http://www.allcosmeticswholesale.com/
http://www.allcosmeticswholesale.com/lalerolirope.html,http://www.allcosmeticswholesale.com/
http://www.allcosmeticswholesale.com/occnalaprboy2.html,http://www.allcosmeticswholesale.com/
http://www.allcosmeticswholesale.com/nashmafoda5k.html,http://www.allcosmeticswholesale.com/
http://www.allcosmeticswholesale.com/clglforlimis.html,http://www.allcosmeticswholesale.com/
http://www.allcosmeticswholesale.com/yslpoecdbrpo.html,http://www.allcosmeticswholesale.com/
http://www.allcosmeticswholesale.com/eslaareyepes.html,http://www.allcosmeticswholesale.com/
http://www.allcosmeticswholesale.com/steyeshpu.html,http://www.allcosmeticswholesale.com/
http://www.allcosmeticswholesale.com/macstmifosug.html,http://www.allcosmeticswholesale.com/
http://www.allcosmeticswholesale.com/laleroablide.html,http://www.allcosmeticswholesale.com/
http://www.allcosmeticswholesale.com/modomac2hopa.html,http://www.allcosmeticswholesale.com/
http://www.allcosmeticswholesale.com/bedejofacr.html,http://www.allcosmeticswholesale.com/
http://www.allcosmeticswholesale.com/clshpoblsp2u.html,http://www.allcosmeticswholesale.com/
http://www.allcosmeticswholesale.com/occnalaprboy5.html,http://www.allcosmeticswholesale.com/
http://www.allcosmeticswholesale.com/baesbamiblir.html,http://www.allcosmeticswholesale.com/
http://www.allcosmeticswholesale.com/stsmeyepaplc.html,http://www.allcosmeticswholesale.com/
http://www.allcosmeticswholesale.com/urdeafpoblex.html,http://www.allcosmeticswholesale.com/
http://www.allcosmeticswholesale.com/eslahigliv.html,http://www.allcosmeticswholesale.com/
http://www.allcosmeticswholesale.com/stlipglroub.html,http://www.allcosmeticswholesale.com/
http://www.allcosmeticswholesale.com/nalieyne.html,http://www.allcosmeticswholesale.com/
http://www.allcosmeticswholesale.com/smlimibuub.html,http://www.allcosmeticswholesale.com/
http://www.allcosmeticswholesale.com/nalipema.html,http://www.allcosmeticswholesale.com/
http://www.allcosmeticswholesale.com/macpiwhgoro.html,http://www.allcosmeticswholesale.com/shop/eyes/pigments.html
http://www.allcosmeticswholesale.com/macemuncrcob1.html,http://www.allcosmeticswholesale.com/shop/face/primer.html
http://www.allcosmeticswholesale.com/blush1.html,http://www.allcosmeticswholesale.com/shop/face/blush.html
http://www.allcosmeticswholesale.com/machekieyesh.html,http://www.allcosmeticswholesale.com/shop/palettes-sets.html
http://www.allcosmeticswholesale.com/sigma.html,http://www.allcosmeticswholesale.com/brand/
http://www.allcosmeticswholesale.com/macpisatan.html,http://www.allcosmeticswholesale.com/shop/eyes/pigments.html
http://www.allcosmeticswholesale.com/smbrtecrlipa.html,http://www.allcosmeticswholesale.com/shop/palettes-sets.html
http://www.allcosmeticswholesale.com/sibrssfili.html,http://www.allcosmeticswholesale.com/shop/accessories/brushes.html
http://www.allcosmeticswholesale.com/opicomingsoon.html,http://www.allcosmeticswholesale.com/shop/nails.html
http://www.allcosmeticswholesale.com/vise4berulip.html,http://www.allcosmeticswholesale.com/shop/lips/lip-gloss.html
http://www.allcosmeticswholesale.com/stcoeyecoonu.html,http://www.allcosmeticswholesale.com/shop/eyes.html
http://www.allcosmeticswholesale.com/grprmaceyesh.html,http://www.allcosmeticswholesale.com/shop/eyes/eye-shadow.html
http://www.allcosmeticswholesale.com/macfalisutr.html,http://www.allcosmeticswholesale.com/shop/lips/lip-gloss.html
http://www.allcosmeticswholesale.com/macpoeyepebu.html,http://www.allcosmeticswholesale.com/shop/eyes/eyeliner.html
http://www.allcosmeticswholesale.com/macplbigbaub.html,http://www.allcosmeticswholesale.com/shop/lips/lip-gloss.html
http://www.allcosmeticswholesale.com/macdaratori1.html,http://www.allcosmeticswholesale.com/shop/lips/lip-gloss.html
http://www.allcosmeticswholesale.com/urdemashre.html,http://www.allcosmeticswholesale.com/shop/eyes/eye-shadow.html
http://www.allcosmeticswholesale.com/macbr21blwsp4.html,http://www.allcosmeticswholesale.com/shop/accessories/brushes.html
http://www.allcosmeticswholesale.com/mitoviglligi.html,http://www.allcosmeticswholesale.com/shop/lips/lip-gloss.html
http://www.allcosmeticswholesale.com/bobrshbrnudi.html,http://www.allcosmeticswholesale.com/shop/palettes-sets.html
http://www.allcosmeticswholesale.com/yslinpurmocl.html,http://www.allcosmeticswholesale.com/shop/skincare/face.html
http://www.allcosmeticswholesale.com/redchla102.html,http://www.allcosmeticswholesale.com/brand/index/view/?brandname=Red+Cherry&manufacturer=144
http://www.allcosmeticswholesale.com/yslropelihot.html,http://www.allcosmeticswholesale.com/shop/lips/lipstick.html
http://www.allcosmeticswholesale.com/zlalejuar.html,http://www.allcosmeticswholesale.com/brand/index/view/?brandname=Z-Palette&manufacturer=213
http://www.allcosmeticswholesale.com/maceyeshx4ph.html,http://www.allcosmeticswholesale.com/shop/eyes/eye-shadow.html
http://www.allcosmeticswholesale.com/macmieyeshil.html,http://www.allcosmeticswholesale.com/shop/eyes/eye-shadow.html
http://www.allcosmeticswholesale.com/smhefusoliba.html,http://www.allcosmeticswholesale.com/shop/face.html
http://www.allcosmeticswholesale.com/toofafrfapa.html,http://www.allcosmeticswholesale.com/shop/palettes-sets.html
http://www.allcosmeticswholesale.com/bobrshbrforb.html,http://www.allcosmeticswholesale.com/shop/palettes-sets.html
http://www.allcosmeticswholesale.com/macdepo6cley.html,http://www.allcosmeticswholesale.com/shop/eyes/eye-shadow.html
http://www.allcosmeticswholesale.com/stbrposh02.html,http://www.allcosmeticswholesale.com/shop/face/powder.html
http://www.allcosmeticswholesale.com/redchla201.html,http://www.allcosmeticswholesale.com/brand/index/view/?brandname=Red+Cherry&manufacturer=144
http://www.allcosmeticswholesale.com/gipragcopoqu.html,http://www.allcosmeticswholesale.com/shop/face/powder.html
http://www.allcosmeticswholesale.com/maceyeshreem.html,http://www.allcosmeticswholesale.com/shop/eyes/eye-shadow-refills.html
http://www.allcosmeticswholesale.com/stilfipogo.html,http://www.allcosmeticswholesale.com/shop/face/powder.html
http://www.allcosmeticswholesale.com/remaerpenyou.html,http://www.allcosmeticswholesale.com/shop/face/concealer.html
http://www.allcosmeticswholesale.com/smcarefofaf1.html,http://www.allcosmeticswholesale.com/shop/face/foundation.html
http://www.allcosmeticswholesale.com/lamemiilpost.html,http://www.allcosmeticswholesale.com/shop/face/powder.html
http://www.allcosmeticswholesale.com/bobreyecobr.html,http://www.allcosmeticswholesale.com/shop/accessories/brushes.html
http://www.allcosmeticswholesale.com/cllolaglseto.html,http://www.allcosmeticswholesale.com/shop/lips/lip-gloss.html
http://www.allcosmeticswholesale.com/rociitsplosh.html,http://www.allcosmeticswholesale.com/shop/face/powder.html
http://www.allcosmeticswholesale.com/yslropemufil21.html,http://www.allcosmeticswholesale.com/shop/lips/lipstick.html
http://www.allcosmeticswholesale.com/ldeeyeshba9.html,http://www.allcosmeticswholesale.com/shop/eyes/primer.html
http://www.allcosmeticswholesale.com/maclulimaddi.html,http://www.allcosmeticswholesale.com/shop/lips/lipstick.html
http://www.allcosmeticswholesale.com/redchla20.html,http://www.allcosmeticswholesale.com/brand/index/view/?brandname=Red+Cherry&manufacturer=144
http://www.allcosmeticswholesale.com/lhipeyekonak.html,http://www.allcosmeticswholesale.com/shop/eyes/eyeliner.html
http://www.allcosmeticswholesale.com/macseshlopon7.html,http://www.allcosmeticswholesale.com/shop/face/powder.html
http://www.allcosmeticswholesale.com/macpichte.html,http://www.allcosmeticswholesale.com/shop/eyes/pigments.html
http://www.allcosmeticswholesale.com/maceyeshset4.html,http://www.allcosmeticswholesale.com/shop/eyes/eye-shadow.html
http://www.allcosmeticswholesale.com/macgllihue.html,http://www.allcosmeticswholesale.com/shop/lips/lipstick.html
http://www.allcosmeticswholesale.com/10pulasevaba.html,http://www.allcosmeticswholesale.com/shop/skincare/body.html
http://www.allcosmeticswholesale.com/eslapucoglst.html,http://www.allcosmeticswholesale.com/shop/lips/lip-gloss.html
http://www.allcosmeticswholesale.com/macliviglga.html,http://www.allcosmeticswholesale.com/shop/lips/lip-gloss.html
http://www.allcosmeticswholesale.com/lajutufrpopu.html,http://www.allcosmeticswholesale.com/shop/lips/lip-gloss.html
http://www.allcosmeticswholesale.com/ysltiba5stsh.html,http://www.allcosmeticswholesale.com/shop/lips/balms.html
http://www.allcosmeticswholesale.com/rocispcafore.html,http://www.allcosmeticswholesale.com/shop/eyes/eye-shadow.html
http://www.allcosmeticswholesale.com/occliptartrick.html,http://www.allcosmeticswholesale.com/shop/lips/lipstick.html
http://www.allcosmeticswholesale.com/pophotpoteye.html,http://www.allcosmeticswholesale.com/shop/eyes/eyeliner.html
http://www.allcosmeticswholesale.com/clcosuimglsu.html,http://www.allcosmeticswholesale.com/shop/lips/lip-gloss.html
http://www.allcosmeticswholesale.com/10puheflskfo.html,http://www.allcosmeticswholesale.com/shop/face/foundation.html
http://www.allcosmeticswholesale.com/macpisasunpe.html,http://www.allcosmeticswholesale.com/shop/eyes/pigments.html
http://www.allcosmeticswholesale.com/redchla40.html,http://www.allcosmeticswholesale.com/shop/eyes/eyelashes.html
http://www.allcosmeticswholesale.com/macblla.html,http://www.allcosmeticswholesale.com/shop/face/blush.html
http://www.allcosmeticswholesale.com/opisunalayou.html,http://www.allcosmeticswholesale.com/shop/nails.html
http://www.allcosmeticswholesale.com/popbemirigls.html,http://www.allcosmeticswholesale.com/shop/lips/lip-gloss.html
http://www.allcosmeticswholesale.com/10pueucofluv.html,http://www.allcosmeticswholesale.com/shop/skincare/body.html
http://www.allcosmeticswholesale.com/macgllineosc.html,http://www.allcosmeticswholesale.com/shop/lips/lipstick.html
http://www.allcosmeticswholesale.com/maclifufu.html,http://www.allcosmeticswholesale.com/shop/lips/lipstick.html
http://www.allcosmeticswholesale.com/viseblduoba.html,http://www.allcosmeticswholesale.com/shop/face/blush.html
http://www.allcosmeticswholesale.com/maceyeshfig1.html,http://www.allcosmeticswholesale.com/shop/eyes/eye-shadow.html
http://www.allcosmeticswholesale.com/3.html,http://www.allcosmeticswholesale.com/shop/eyes/eye-shadow.html
http://www.allcosmeticswholesale.com/macdastoutub.html,http://www.allcosmeticswholesale.com/shop/lips/lip-gloss.html
http://www.allcosmeticswholesale.com/macluendi.html,http://www.allcosmeticswholesale.com/shop/lips/lip-gloss.html
http://www.allcosmeticswholesale.com/sibrsstrsibl.html,http://www.allcosmeticswholesale.com/shop/accessories/brushes.html
http://www.allcosmeticswholesale.com/lhipcrshst9w.html,http://www.allcosmeticswholesale.com/shop/eyes/pigments.html
http://www.allcosmeticswholesale.com/ysltiba6to.html,http://www.allcosmeticswholesale.com/shop/lips/balms.html
http://www.allcosmeticswholesale.com/cltadayoffma.html,http://www.allcosmeticswholesale.com/shop/skincare/face.html?p=1
http://www.allcosmeticswholesale.com/macomadibl.html,http://www.allcosmeticswholesale.com/shop/eyes/mascara.html
http://www.allcosmeticswholesale.com/tattrshcotog.html,http://www.allcosmeticswholesale.com/nsearch/?q=oil+control
http://www.allcosmeticswholesale.com/19.html,http://www.allcosmeticswholesale.com/shop/palettes-sets.html
http://www.allcosmeticswholesale.com/macpapotpa.html,http://www.allcosmeticswholesale.com/shop/eyes/primer.html
http://www.allcosmeticswholesale.com/maceyeshquro.html,http://www.allcosmeticswholesale.com/shop/eyes/eye-shadow.html
http://www.allcosmeticswholesale.com/redchla74.html,http://www.allcosmeticswholesale.com/shop/eyes/eyelashes.html
http://www.allcosmeticswholesale.com/maceyeshreph.html,http://www.allcosmeticswholesale.com/shop/eyes/eye-shadow-refills.html
http://www.allcosmeticswholesale.com/maceyesh100s.html,http://www.allcosmeticswholesale.com/shop/eyes/eye-shadow.html
http://www.allcosmeticswholesale.com/lajutumicoru.html,http://www.allcosmeticswholesale.com/shop/lips/lip-gloss.html
http://www.allcosmeticswholesale.com/cl6sheyeshpa.html,http://www.allcosmeticswholesale.com/shop/palettes-sets.html
http://www.allcosmeticswholesale.com/rocispcaforl.html,http://www.allcosmeticswholesale.com/shop/lips/lipstick.html
http://www.allcosmeticswholesale.com/bebaboba.html,http://www.allcosmeticswholesale.com/shop/skincare/body.html
http://www.allcosmeticswholesale.com/steyeshtrchg.html,http://www.allcosmeticswholesale.com/shop/eyes/eye-shadow.html
http://www.allcosmeticswholesale.com/sets.html,http://www.allcosmeticswholesale.com/shop/palettes-sets.html
http://www.allcosmeticswholesale.com/macsubablbof.html,http://www.allcosmeticswholesale.com/shop/face/blush.html
http://www.allcosmeticswholesale.com/stmiillifose.html,http://www.allcosmeticswholesale.com/shop/face/foundation.html
http://www.allcosmeticswholesale.com/smheysigl1.html,http://www.allcosmeticswholesale.com/shop/eyes/eye-shadow.html
http://www.allcosmeticswholesale.com/yslpalettepop.html,http://www.allcosmeticswholesale.com/nsearch/?q=YSL+Palette+Pop
http://www.allcosmeticswholesale.com/28.html,http://www.allcosmeticswholesale.com/shop/lips/lipstick.html
http://www.allcosmeticswholesale.com/on10.html,http://www.allcosmeticswholesale.com/shop/lips.html
http://www.allcosmeticswholesale.com/giarrodarlip3.html,http://www.allcosmeticswholesale.com/shop/lips/lipstick.html
http://www.allcosmeticswholesale.com/l1.html,http://www.allcosmeticswholesale.com/shop/face/foundation.html
http://www.allcosmeticswholesale.com/smhidecofa.html,http://www.allcosmeticswholesale.com/shop/face/concealer.html
http://www.allcosmeticswholesale.com/smchpaclupub.html,http://www.allcosmeticswholesale.com/shop/palettes-sets.html
http://www.allcosmeticswholesale.com/lajutucounub.html,http://www.allcosmeticswholesale.com/shop/lips/lip-gloss.html
http://www.allcosmeticswholesale.com/mememechlipt.html,http://www.allcosmeticswholesale.com/shop/lips.html
http://www.allcosmeticswholesale.com/maccrlicrdub.html,http://www.allcosmeticswholesale.com/shop/lips/lipstick.html
http://www.allcosmeticswholesale.com/smtitrlishub.html,http://www.allcosmeticswholesale.com/shop/lips/lipstick.html
http://www.allcosmeticswholesale.com/macmiblme.html,http://www.allcosmeticswholesale.com/shop/face/blush.html
http://www.allcosmeticswholesale.com/lcojulipglpi.html,http://www.allcosmeticswholesale.com/shop/lips/lip-gloss.html
http://www.allcosmeticswholesale.com/lancome.html,http://www.allcosmeticswholesale.com/brand/
http://www.allcosmeticswholesale.com/rocibaallovc1.html,http://www.allcosmeticswholesale.com/shop/eyes/pigments.html
http://www.allcosmeticswholesale.com/lajutumimiub.html,http://www.allcosmeticswholesale.com/shop/lips/lip-gloss.html
http://www.allcosmeticswholesale.com/maceyeshsata.html,http://www.allcosmeticswholesale.com/shop/eyes/eye-shadow.html
http://www.allcosmeticswholesale.com/macstfixfopl1.html,http://www.allcosmeticswholesale.com/shop/face/foundation.html
http://www.allcosmeticswholesale.com/stilfiporogo.html,http://www.allcosmeticswholesale.com/shop/face/powder.html
http://www.allcosmeticswholesale.com/macbrsetgelc.html,http://www.allcosmeticswholesale.com/shop/eyes/brows.html
http://www.allcosmeticswholesale.com/lalalafeglir.html,http://www.allcosmeticswholesale.com/shop/lips/lip-gloss.html
http://www.allcosmeticswholesale.com/maclisp1.html,http://www.allcosmeticswholesale.com/shop/lips/lip-gloss.html
http://www.allcosmeticswholesale.com/lacofoeyeshp.html,http://www.allcosmeticswholesale.com/shop/palettes-sets.html
http://www.allcosmeticswholesale.com/macamcrlineo.html,http://www.allcosmeticswholesale.com/shop/lips/lipstick.html
http://www.allcosmeticswholesale.com/lolipinlipgl3.html,http://www.allcosmeticswholesale.com/shop/lips/lip-gloss.html
http://www.allcosmeticswholesale.com/redchla100.html,http://www.allcosmeticswholesale.com/shop/eyes/eyelashes.html
http://www.allcosmeticswholesale.com/bobrcrcokitn.html,http://www.allcosmeticswholesale.com/shop/face/concealer.html
http://www.allcosmeticswholesale.com/smhapofaub.html,http://www.allcosmeticswholesale.com/shop/face/powder.html
http://www.allcosmeticswholesale.com/pibeeyekitmu.html,http://www.allcosmeticswholesale.com/shop/eyes.html
http://www.allcosmeticswholesale.com/smhidedufipo.html,http://www.allcosmeticswholesale.com/shop/face/powder.html
http://www.allcosmeticswholesale.com/urdesmoutkit1.html,http://www.allcosmeticswholesale.com/shop/eyes/eye-shadow.html
http://www.allcosmeticswholesale.com/bobroilfrevf2.html,http://www.allcosmeticswholesale.com/shop/face/foundation.html
http://www.allcosmeticswholesale.com/lcojulipglgr.html,http://www.allcosmeticswholesale.com/shop/lips/lip-gloss.html
http://www.allcosmeticswholesale.com/ysltoecratoh.html,http://www.allcosmeticswholesale.com/shop/lips/lip-gloss.html
http://www.allcosmeticswholesale.com/stsunbrposh1.html,http://www.allcosmeticswholesale.com/shop/face/powder.html
http://www.allcosmeticswholesale.com/bobrlowecrsh.html,http://www.allcosmeticswholesale.com/shop/eyes/eye-shadow.html
http://www.allcosmeticswholesale.com/macmalipipl.html,http://www.allcosmeticswholesale.com/shop/lips/lipstick.html
http://www.allcosmeticswholesale.com/maceyeshcrde1.html,http://www.allcosmeticswholesale.com/shop/eyes/eye-shadow.html
http://www.allcosmeticswholesale.com/mememelibrun.html,http://www.allcosmeticswholesale.com/shop/face/concealer.html
http://www.allcosmeticswholesale.com/baplmypuchmy.html,http://www.allcosmeticswholesale.com/shop/lips/lip-gloss.html
http://www.allcosmeticswholesale.com/bobrnafilola3.html,http://www.allcosmeticswholesale.com/shop/face/foundation.html
http://www.allcosmeticswholesale.com/mac3dglradi.html,http://www.allcosmeticswholesale.com/shop/lips/lip-gloss.html
http://www.allcosmeticswholesale.com/baplmyputumy.html,http://www.allcosmeticswholesale.com/shop/lips/lip-gloss.html
http://www.allcosmeticswholesale.com/bobrcometoda.html,http://www.allcosmeticswholesale.com/shop/face/concealer.html
http://www.allcosmeticswholesale.com/galemasheyti.html,http://www.allcosmeticswholesale.com/shop/eyes.html
http://www.allcosmeticswholesale.com/bobrmiprfalo.html,http://www.allcosmeticswholesale.com/shop/skincare/face.html
http://www.allcosmeticswholesale.com/clsesunfa15s.html,http://www.allcosmeticswholesale.com/shop/skincare.html
http://www.allcosmeticswholesale.com/bobrlipbrwme.html,http://www.allcosmeticswholesale.com/shop/accessories/brushes/lips.html
http://www.allcosmeticswholesale.com/bobrcodicoba.html,http://www.allcosmeticswholesale.com/shop/accessories/brushes/lips.html
http://www.allcosmeticswholesale.com/machekitoodo.html,http://www.allcosmeticswholesale.com/shop/eyes/eye-shadow.html
http://www.allcosmeticswholesale.com/bobrlipglpe.html,http://www.allcosmeticswholesale.com/shop/lips/lip-gloss.html
http://www.allcosmeticswholesale.com/macliqutedi.html,http://www.allcosmeticswholesale.com/shop/lips/lip-gloss.html
http://www.allcosmeticswholesale.com/macgllitowow.html,http://www.allcosmeticswholesale.com/shop/lips/lipstick.html
http://www.allcosmeticswholesale.com/bobreyeshna.html,http://www.allcosmeticswholesale.com/shop/eyes/eye-shadow.html
http://www.allcosmeticswholesale.com/smlipenglpop.html,http://www.allcosmeticswholesale.com/shop/lips/lip-gloss.html
http://www.allcosmeticswholesale.com/bobrcrcosa.html,http://www.allcosmeticswholesale.com/shop/face/concealer.html
http://www.allcosmeticswholesale.com/suadtopreyqu.html,http://www.allcosmeticswholesale.com/shop/eyes/eye-shadow.html
http://www.allcosmeticswholesale.com/smlicadehiub.html,http://www.allcosmeticswholesale.com/shop/face/powder.html
http://www.allcosmeticswholesale.com/bobrfatouppa3.html,http://www.allcosmeticswholesale.com/shop/palettes-sets.html
http://www.allcosmeticswholesale.com/bamikabr.html,http://www.allcosmeticswholesale.com/shop/accessories/brushes.html
http://www.allcosmeticswholesale.com/urdeeyeshydk.html,http://www.allcosmeticswholesale.com/shop/eyes/eye-shadow.html
http://www.allcosmeticswholesale.com/macpapotsooc.html,http://www.allcosmeticswholesale.com/shop/eyes/eye-shadow.html
http://www.allcosmeticswholesale.com/naduoeyeshdr.html,http://www.allcosmeticswholesale.com/shop/eyes/eye-shadow.html
http://www.allcosmeticswholesale.com/urdeampawpof.html,http://www.allcosmeticswholesale.com/shop/palettes-sets.html
http://www.allcosmeticswholesale.com/macluliwayto.html,http://www.allcosmeticswholesale.com/shop/lips/lipstick.html
http://www.allcosmeticswholesale.com/macflfrdira.html,http://www.allcosmeticswholesale.com/shop/eyes/eyeliner.html
http://www.allcosmeticswholesale.com/bobrnafilola.html,http://www.allcosmeticswholesale.com/shop/face/foundation.html
http://www.allcosmeticswholesale.com/maceyeshrebu.html,http://www.allcosmeticswholesale.com/shop/eyes/eye-shadow-refills.html
http://www.allcosmeticswholesale.com/smrefublreub.html,http://www.allcosmeticswholesale.com/shop/face/blush.html
http://www.allcosmeticswholesale.com/macmofospf152.html,http://www.allcosmeticswholesale.com/shop/face/foundation.html
http://www.allcosmeticswholesale.com/stlowelipcoo.html,http://www.allcosmeticswholesale.com/shop/lips/lipstick.html
http://www.allcosmeticswholesale.com/urdeurdetimo.html,http://www.allcosmeticswholesale.com/shop/skincare/face.html
http://www.allcosmeticswholesale.com/stlippoam.html,http://www.allcosmeticswholesale.com/shop/lips/balms.html
http://www.allcosmeticswholesale.com/urdeeyeshcud.html,http://www.allcosmeticswholesale.com/shop/eyes/eye-shadow.html
http://www.allcosmeticswholesale.com/kraqsire32a.html,http://www.allcosmeticswholesale.com/shop/face.html
http://www.allcosmeticswholesale.com/rocitametoyo8.html,http://www.allcosmeticswholesale.com/shop/lips/lip-gloss.html
http://www.allcosmeticswholesale.com/urdedeeyeshh.html,http://www.allcosmeticswholesale.com/shop/eyes/eye-shadow.html
http://www.allcosmeticswholesale.com/maceyeshreco.html,http://www.allcosmeticswholesale.com/shop/eyes/eye-shadow-refills.html
http://www.allcosmeticswholesale.com/lhipcrshpane.html,http://www.allcosmeticswholesale.com/shop/eyes/eye-shadow.html
http://www.allcosmeticswholesale.com/lbanasofomif.html,http://www.allcosmeticswholesale.com/shop/face/powder.html
http://www.allcosmeticswholesale.com/smheysiplcr.html,http://www.allcosmeticswholesale.com/shop/eyes/eye-shadow.html
http://www.allcosmeticswholesale.com/smbrtetr.html,http://www.allcosmeticswholesale.com/shop/eyes/eye-shadow.html
http://www.allcosmeticswholesale.com/lajutumicrbr.html,http://www.allcosmeticswholesale.com/shop/lips/lip-gloss.html
http://www.allcosmeticswholesale.com/macmisksubyn.html,http://www.allcosmeticswholesale.com/shop/face/blush.html
http://www.allcosmeticswholesale.com/macmishpolos1.html,http://www.allcosmeticswholesale.com/shop/face/powder.html
http://www.allcosmeticswholesale.com/visepicheyes.html,http://www.allcosmeticswholesale.com/shop/face/powder.html
http://www.allcosmeticswholesale.com/sieyeshingi.html,http://www.allcosmeticswholesale.com/shop/eyes/eye-shadow.html
http://www.allcosmeticswholesale.com/lbldegisn.html,http://www.allcosmeticswholesale.com/shop/face/blush.html
http://www.allcosmeticswholesale.com/smprcreyelip.html,http://www.allcosmeticswholesale.com/shop/eyes/eyeliner.html
http://www.allcosmeticswholesale.com/lipstick5.html,http://www.allcosmeticswholesale.com/shop/lips/lipstick.html
http://www.allcosmeticswholesale.com/maclulihitea.html,http://www.allcosmeticswholesale.com/shop/lips/lipstick.html
http://www.allcosmeticswholesale.com/namubrranui.html,http://www.allcosmeticswholesale.com/shop/face/powder.html
http://www.allcosmeticswholesale.com/gumebupepo.html,http://www.allcosmeticswholesale.com/shop/face/powder.html
http://www.allcosmeticswholesale.com/smwiloeyeshd.html,http://www.allcosmeticswholesale.com/shop/eyes/eye-shadow.html
http://www.allcosmeticswholesale.com/lhipvishbrpo1.html,http://www.allcosmeticswholesale.com/shop/face/powder.html
http://www.allcosmeticswholesale.com/macliyothdi.html,http://www.allcosmeticswholesale.com/shop/lips/lip-gloss.html
http://www.allcosmeticswholesale.com/bobreyeshivy.html,http://www.allcosmeticswholesale.com/shop/eyes/eye-shadow.html
http://www.allcosmeticswholesale.com/smphficocopr.html,http://www.allcosmeticswholesale.com/shop/face/primer.html
http://www.allcosmeticswholesale.com/bobrcrcocosa.html,http://www.allcosmeticswholesale.com/shop/face/concealer.html
http://www.allcosmeticswholesale.com/macsespf15fo4.html,http://www.allcosmeticswholesale.com/shop/face/foundation.html
http://www.allcosmeticswholesale.com/mamipolublfr.html,http://www.allcosmeticswholesale.com/shop/face/blush.html
http://www.allcosmeticswholesale.com/macchperipu.html,http://www.allcosmeticswholesale.com/shop/eyes/eyeliner.html
http://www.allcosmeticswholesale.com/macneoscifie1.html,http://www.allcosmeticswholesale.com/shop/eyes/eye-shadow.html
http://www.allcosmeticswholesale.com/smbrtequub.html,http://www.allcosmeticswholesale.com/shop/eyes/eye-shadow.html
http://www.allcosmeticswholesale.com/smtoeyeshqum.html,http://www.allcosmeticswholesale.com/shop/eyes/eye-shadow.html
http://www.allcosmeticswholesale.com/smphfiprlila.html,http://www.allcosmeticswholesale.com/shop/face/primer.html
http://www.allcosmeticswholesale.com/newshocclipt4.html,http://www.allcosmeticswholesale.com/shop/lips/lip-gloss.html
http://www.allcosmeticswholesale.com/malastbrblub.html,http://www.allcosmeticswholesale.com/shop/eyes/mascara.html
http://www.allcosmeticswholesale.com/stilcome.html,http://www.allcosmeticswholesale.com/shop/face/concealer.html
http://www.allcosmeticswholesale.com/macsespf15fl5.html,http://www.allcosmeticswholesale.com/shop/face/foundation.html
http://www.allcosmeticswholesale.com/smblsoliduos.html,http://www.allcosmeticswholesale.com/shop/face/blush.html
http://www.allcosmeticswholesale.com/maclistwastw.html,http://www.allcosmeticswholesale.com/shop/lips/lip-gloss.html
http://www.allcosmeticswholesale.com/lcojulipgltu.html,http://www.allcosmeticswholesale.com/shop/lips/lip-gloss.html
http://www.allcosmeticswholesale.com/chroliga.html,http://www.allcosmeticswholesale.com/shop/lips/lipstick.html
http://www.allcosmeticswholesale.com/macsllimiub.html,http://www.allcosmeticswholesale.com/shop/lips/lipstick.html
http://www.allcosmeticswholesale.com/maceyeshblca.html,http://www.allcosmeticswholesale.com/shop/eyes/eye-shadow.html
http://www.allcosmeticswholesale.com/macbr26grspe.html,http://www.allcosmeticswholesale.com/shop/accessories/brushes.html
http://www.allcosmeticswholesale.com/toofagaglsh.html,http://www.allcosmeticswholesale.com/shop/eyes/eye-shadow.html
http://www.allcosmeticswholesale.com/mitoeyeshpr.html,http://www.allcosmeticswholesale.com/shop/eyes/primer.html
http://www.allcosmeticswholesale.com/maceyekocori.html,http://www.allcosmeticswholesale.com/shop/eyes/eyeliner.html
http://www.allcosmeticswholesale.com/maccrlishygi.html,http://www.allcosmeticswholesale.com/shop/lips/lipstick.html
http://www.allcosmeticswholesale.com/maceyeshcudi.html,http://www.allcosmeticswholesale.com/shop/eyes/eye-shadow.html
http://www.allcosmeticswholesale.com/falitoitub.html,http://www.allcosmeticswholesale.com/shop/lips/lip-gloss.html
http://www.allcosmeticswholesale.com/japrobrlaco.html,http://www.allcosmeticswholesale.com/shop/accessories/brushes.html
http://www.allcosmeticswholesale.com/macdasuub.html,http://www.allcosmeticswholesale.com/shop/lips/lip-gloss.html
http://www.allcosmeticswholesale.com/urdevepawpo.html,http://www.allcosmeticswholesale.com/shop/palettes-sets.html
http://www.allcosmeticswholesale.com/siprobrssulf.html,http://www.allcosmeticswholesale.com/shop/accessories/brushes.html
http://www.allcosmeticswholesale.com/fafrmipihael.html,http://www.allcosmeticswholesale.com/shop/eyes/pigments.html
http://www.allcosmeticswholesale.com/smheeyeshpax.html,http://www.allcosmeticswholesale.com/shop/eyes/eye-shadow.html
http://www.allcosmeticswholesale.com/stbalipentr.html,http://www.allcosmeticswholesale.com/shop/lips/lip-gloss.html
http://www.allcosmeticswholesale.com/eslapucoliwi.html,http://www.allcosmeticswholesale.com/shop/lips/lipstick.html
http://www.allcosmeticswholesale.com/lalecrkhwpey1.html,http://www.allcosmeticswholesale.com/shop/eyes/eyeliner.html
http://www.allcosmeticswholesale.com/lcojulipglwa.html,http://www.allcosmeticswholesale.com/shop/lips/lip-gloss.html
http://www.allcosmeticswholesale.com/stpecoshg.html,http://www.allcosmeticswholesale.com/shop/face/concealer.html
http://www.allcosmeticswholesale.com/clallabeytuu.html,http://www.allcosmeticswholesale.com/shop/skincare/eyes.html
http://www.allcosmeticswholesale.com/macststfonc3.html,http://www.allcosmeticswholesale.com/shop/face/foundation.html
http://www.allcosmeticswholesale.com/urdeeyeshgo.html,http://www.allcosmeticswholesale.com/shop/eyes/eye-shadow.html
http://www.allcosmeticswholesale.com/maceyeshrecr2.html,http://www.allcosmeticswholesale.com/shop/eyes/eye-shadow-refills.html
http://www.allcosmeticswholesale.com/macamcrlibeb.html,http://www.allcosmeticswholesale.com/shop/lips/lipstick.html
http://www.allcosmeticswholesale.com/macshcudi.html,http://www.allcosmeticswholesale.com/shop/eyes/eye-shadow.html
http://www.allcosmeticswholesale.com/smlipselipa2.html,http://www.allcosmeticswholesale.com/shop/lips/lipstick.html
http://www.allcosmeticswholesale.com/lalecrkhwara.html,http://www.allcosmeticswholesale.com/shop/eyes/eyeliner.html
http://www.allcosmeticswholesale.com/smunlipglfl.html,http://www.allcosmeticswholesale.com/shop/lips/lip-gloss.html
http://www.allcosmeticswholesale.com/clwacofr.html,http://www.allcosmeticswholesale.com/shop/fragrance.html
http://www.allcosmeticswholesale.com/macpisabebob.html,http://www.allcosmeticswholesale.com/shop/eyes/pigments.html
http://www.allcosmeticswholesale.com/popbeeyecagr.html,http://www.allcosmeticswholesale.com/shop/eyes/eye-shadow.html
http://www.allcosmeticswholesale.com/lajutuulshli15.html,http://www.allcosmeticswholesale.com/shop/lips/lip-gloss.html
http://www.allcosmeticswholesale.com/bebabosofive.html,http://www.allcosmeticswholesale.com/shop/skincare/body.html
http://www.allcosmeticswholesale.com/smheysi4.html,http://www.allcosmeticswholesale.com/shop/eyes/eye-shadow.html
http://www.allcosmeticswholesale.com/kiulfamolosp.html,http://www.allcosmeticswholesale.com/shop/skincare/face.html
http://www.allcosmeticswholesale.com/be10pa.html,http://www.allcosmeticswholesale.com/shop/palettes-sets.html
http://www.allcosmeticswholesale.com/macinsc6waey.html,http://www.allcosmeticswholesale.com/shop/eyes/eye-shadow.html
http://www.allcosmeticswholesale.com/prmoreeybepl.html,http://www.allcosmeticswholesale.com/shop/eyes/eyeliner.html
http://www.allcosmeticswholesale.com/zpalesmjuar.html,http://www.allcosmeticswholesale.com/brand/index/view/?brandname=Z-Palette&manufacturer=213
http://www.allcosmeticswholesale.com/lalecrkhbleb.html,http://www.allcosmeticswholesale.com/shop/eyes/eyeliner.html
http://www.allcosmeticswholesale.com/lbanagemiman.html,http://www.allcosmeticswholesale.com/shop/face/foundation.html
http://www.allcosmeticswholesale.com/maclisndi.html,http://www.allcosmeticswholesale.com/shop/lips/lip-gloss.html
http://www.allcosmeticswholesale.com/maclilioflop.html,http://www.allcosmeticswholesale.com/shop/lips/lipstick.html
http://www.allcosmeticswholesale.com/macpoeyepegi.html,http://www.allcosmeticswholesale.com/shop/eyes/eyeliner.html
http://www.allcosmeticswholesale.com/lalecrpobrta.html,http://www.allcosmeticswholesale.com/shop/eyes/eyeliner.html
http://www.allcosmeticswholesale.com/macho206dema.html,http://www.allcosmeticswholesale.com/shop/eyes/eye-shadow.html
http://www.allcosmeticswholesale.com/macbr194cobr.html,http://www.allcosmeticswholesale.com/shop/accessories/brushes.html
http://www.allcosmeticswholesale.com/eslatomfofah.html,http://www.allcosmeticswholesale.com/shop/face/powder.html
http://www.allcosmeticswholesale.com/macdabaspub.html,http://www.allcosmeticswholesale.com/shop/lips/lip-gloss.html
http://www.allcosmeticswholesale.com/maclulihugme.html,http://www.allcosmeticswholesale.com/shop/lips/lipstick.html
http://www.allcosmeticswholesale.com/occliptarvapid.html,http://www.allcosmeticswholesale.com/shop/lips/lip-gloss.html
http://www.allcosmeticswholesale.com/macsalifl.html,http://www.allcosmeticswholesale.com/shop/lips/lipstick.html
http://www.allcosmeticswholesale.com/yslliptwlipd3.html,http://www.allcosmeticswholesale.com/shop/lips/lipstick.html
http://www.allcosmeticswholesale.com/maclisucrub.html,http://www.allcosmeticswholesale.com/shop/lips/lip-gloss.html
http://www.allcosmeticswholesale.com/chrohycrlimo.html,http://www.allcosmeticswholesale.com/shop/lips/lipstick.html
http://www.allcosmeticswholesale.com/macpapotrodi.html,http://www.allcosmeticswholesale.com/shop/eyes/eye-shadow.html
http://www.allcosmeticswholesale.com/smlippaviub.html,http://www.allcosmeticswholesale.com/shop/lips/lip-gloss.html
http://www.allcosmeticswholesale.com/bobrdaytonic.html,http://www.allcosmeticswholesale.com/shop/palettes-sets.html
http://www.allcosmeticswholesale.com/smphfiprblub.html,http://www.allcosmeticswholesale.com/shop/face/primer.html
http://www.allcosmeticswholesale.com/siduofibrf50.html,http://www.allcosmeticswholesale.com/shop/accessories/brushes.html
http://www.allcosmeticswholesale.com/smbrtetrbrub.html,http://www.allcosmeticswholesale.com/shop/eyes/eye-shadow.html
http://www.allcosmeticswholesale.com/maclispof1.html,http://www.allcosmeticswholesale.com/shop/lips/lipstick.html
http://www.allcosmeticswholesale.com/didinunaglhy1.html,http://www.allcosmeticswholesale.com/shop/face/foundation.html
http://www.allcosmeticswholesale.com/zpasmze.html,http://www.allcosmeticswholesale.com/brand/index/view/?brandname=Z-Palette&manufacturer=213
http://www.allcosmeticswholesale.com/rocibaallovm.html,http://www.allcosmeticswholesale.com/shop/face/powder.html
http://www.allcosmeticswholesale.com/redchlaflmeb.html,http://www.allcosmeticswholesale.com/shop/eyes/eyelashes.html
http://www.allcosmeticswholesale.com/malastcomabr.html,http://www.allcosmeticswholesale.com/shop/eyes/mascara.html
http://www.allcosmeticswholesale.com/macgrstdidi.html,http://www.allcosmeticswholesale.com/shop/eyes.html
http://www.allcosmeticswholesale.com/yslcopoforey.html,http://www.allcosmeticswholesale.com/shop/eyes/eye-shadow.html
http://www.allcosmeticswholesale.com/macbrporedeb.html,http://www.allcosmeticswholesale.com/shop/face/powder.html
http://www.allcosmeticswholesale.com/10puvabehabu.html,http://www.allcosmeticswholesale.com/shop/skincare/body.html
http://www.allcosmeticswholesale.com/lafusijutusk.html,http://www.allcosmeticswholesale.com/shop/lips/lip-gloss.html
http://www.allcosmeticswholesale.com/9.html,http://www.allcosmeticswholesale.com/shop/lips/lipstick.html
http://www.allcosmeticswholesale.com/stlowelipcos.html,http://www.allcosmeticswholesale.com/shop/lips/lipstick.html
http://www.allcosmeticswholesale.com/maceyeshco4.html,http://www.allcosmeticswholesale.com/shop/eyes/eye-shadow.html
http://www.allcosmeticswholesale.com/maceyeshhy.html,http://www.allcosmeticswholesale.com/shop/eyes/eye-shadow.html
http://www.allcosmeticswholesale.com/lalalafeglel.html,http://www.allcosmeticswholesale.com/shop/lips/lip-gloss.html
http://www.allcosmeticswholesale.com/macsttefonc8.html,http://www.allcosmeticswholesale.com/shop/face/foundation.html
http://www.allcosmeticswholesale.com/lajutumisiub.html,http://www.allcosmeticswholesale.com/shop/lips/lip-gloss.html
http://www.allcosmeticswholesale.com/macprolospf13.html,http://www.allcosmeticswholesale.com/shop/face/foundation.html
http://www.allcosmeticswholesale.com/macredfldebr.html,http://www.allcosmeticswholesale.com/shop/accessories/brushes.html
http://www.allcosmeticswholesale.com/bobrfostbe3.html,http://www.allcosmeticswholesale.com/shop/face/foundation.html
http://www.allcosmeticswholesale.com/macsoeyepere.html,http://www.allcosmeticswholesale.com/shop/eyes/eyeliner.html
http://www.allcosmeticswholesale.com/chlecrglch4.html,http://www.allcosmeticswholesale.com/shop/lips/lip-gloss.html
http://www.allcosmeticswholesale.com/smheysi2.html,http://www.allcosmeticswholesale.com/shop/eyes/eye-shadow.html
http://www.allcosmeticswholesale.com/maclulipopi.html,http://www.allcosmeticswholesale.com/shop/lips/lipstick.html
http://www.allcosmeticswholesale.com/nacrblre52.html,http://www.allcosmeticswholesale.com/shop/face/blush.html
http://www.allcosmeticswholesale.com/mitomupomaja.html,http://www.allcosmeticswholesale.com/shop/face/powder.html
http://www.allcosmeticswholesale.com/strepobr31.html,http://www.allcosmeticswholesale.com/shop/accessories/brushes.html
http://www.allcosmeticswholesale.com/eslatomfocol1.html,http://www.allcosmeticswholesale.com/shop/lips/lipstick.html
http://www.allcosmeticswholesale.com/maceyeshresh.html,http://www.allcosmeticswholesale.com/shop/eyes/eye-shadow-refills.html
http://www.allcosmeticswholesale.com/lalecrkhwali.html,http://www.allcosmeticswholesale.com/shop/eyes/eye-shadow-refills.html
http://www.allcosmeticswholesale.com/macsttoupstn5.html,http://www.allcosmeticswholesale.com/shop/face/concealer.html
http://www.allcosmeticswholesale.com/mitopoblap.html,http://www.allcosmeticswholesale.com/shop/face/blush.html
http://www.allcosmeticswholesale.com/baplyopupimy.html,http://www.allcosmeticswholesale.com/shop/lips/lip-gloss.html
http://www.allcosmeticswholesale.com/mactr5coeypa.html,http://www.allcosmeticswholesale.com/shop/eyes/eye-shadow.html
http://www.allcosmeticswholesale.com/100pure.html,http://www.allcosmeticswholesale.com/shop/skincare.html
http://www.allcosmeticswholesale.com/smbrtecreypa.html,http://www.allcosmeticswholesale.com/shop/palettes-sets.html
http://www.allcosmeticswholesale.com/macbr21spedo.html,http://www.allcosmeticswholesale.com/shop/accessories/brushes.html
http://www.allcosmeticswholesale.com/lglshlimu.html,http://www.allcosmeticswholesale.com/shop/lips/lip-gloss.html
http://www.allcosmeticswholesale.com/redchla117.html,http://www.allcosmeticswholesale.com/shop/eyes/eyelashes.html
http://www.allcosmeticswholesale.com/10pufrpisaey1.html,http://www.allcosmeticswholesale.com/shop/eyes/eye-shadow.html
http://www.allcosmeticswholesale.com/mactrlijuded.html,http://www.allcosmeticswholesale.com/shop/lips/lip-gloss.html
http://www.allcosmeticswholesale.com/lalestwaeyaq.html,http://www.allcosmeticswholesale.com/shop/eyes/eyeliner.html
http://www.allcosmeticswholesale.com/mitolowecrsh4.html,http://www.allcosmeticswholesale.com/shop/eyes/eye-shadow.html
http://www.allcosmeticswholesale.com/bobrlipgltar.html,http://www.allcosmeticswholesale.com/shop/lips/lip-gloss.html
http://www.allcosmeticswholesale.com/macdaedeyesh.html,http://www.allcosmeticswholesale.com/shop/eyes/eye-shadow.html
http://www.allcosmeticswholesale.com/maclilipopir.html,http://www.allcosmeticswholesale.com/shop/eyes/eyeliner.html
http://www.allcosmeticswholesale.com/urdesushbox.html,http://www.allcosmeticswholesale.com/shop/eyes/eye-shadow.html
http://www.allcosmeticswholesale.com/smh.html,http://www.allcosmeticswholesale.com/shop/eyes/eye-shadow-refills.html
http://www.allcosmeticswholesale.com/macmofospf1511.html,http://www.allcosmeticswholesale.com/shop/face/foundation.html
http://www.allcosmeticswholesale.com/mitomupopu.html,http://www.allcosmeticswholesale.com/shop/face/powder.html
http://www.allcosmeticswholesale.com/cl7dayscriof.html,http://www.allcosmeticswholesale.com/shop/skincare.html
http://www.allcosmeticswholesale.com/nareduoeyesh9.html,http://www.allcosmeticswholesale.com/shop/eyes.html
http://www.allcosmeticswholesale.com/maceyeshresi1.html,http://www.allcosmeticswholesale.com/shop/eyes/eye-shadow.html
http://www.allcosmeticswholesale.com/maclippehare.html,http://www.allcosmeticswholesale.com/shop/lips/lip-liner.html
http://www.allcosmeticswholesale.com/macsllilostr.html,http://www.allcosmeticswholesale.com/shop/lips/lipstick.html
http://www.allcosmeticswholesale.com/urde24gloney11.html,http://www.allcosmeticswholesale.com/shop/eyes/eyeliner.html
http://www.allcosmeticswholesale.com/maccrcobarer.html,http://www.allcosmeticswholesale.com/shop/eyes/eye-shadow.html
http://www.allcosmeticswholesale.com/maceyeshresc.html,http://www.allcosmeticswholesale.com/shop/eyes/eye-shadow.html
http://www.allcosmeticswholesale.com/prdeeyepeduu.html,http://www.allcosmeticswholesale.com/shop/eyes/eyeliner.html
http://www.allcosmeticswholesale.com/clfupoliduom2.html,http://www.allcosmeticswholesale.com/shop/lips.html
http://www.allcosmeticswholesale.com/urdeeyeshtwb.html,http://www.allcosmeticswholesale.com/shop/eyes/eye-shadow.html
http://www.allcosmeticswholesale.com/macstcaprpom3.html,http://www.allcosmeticswholesale.com/shop/face/powder.html
http://www.allcosmeticswholesale.com/lhipeyekoblk.html,http://www.allcosmeticswholesale.com/shop/eyes/eyeliner.html
http://www.allcosmeticswholesale.com/macstscfonw4.html,http://www.allcosmeticswholesale.com/shop/face/foundation.html
http://www.allcosmeticswholesale.com/maceyeshx4no.html,http://www.allcosmeticswholesale.com/shop/eyes/eye-shadow.html
http://www.allcosmeticswholesale.com/urdesuskmima8.html,http://www.allcosmeticswholesale.com/shop/face/foundation.html
http://www.allcosmeticswholesale.com/yslropemufil12.html,http://www.allcosmeticswholesale.com/shop/lips/lipstick.html
http://www.allcosmeticswholesale.com/smblrupa.html,http://www.allcosmeticswholesale.com/shop/face/blush.html
http://www.allcosmeticswholesale.com/viseveseliin.html,http://www.allcosmeticswholesale.com/shop/lips/lip-gloss.html
http://www.allcosmeticswholesale.com/macbaeyeshmo.html,http://www.allcosmeticswholesale.com/shop/eyes/eye-shadow.html
http://www.allcosmeticswholesale.com/maxfalimawae.html,http://www.allcosmeticswholesale.com/shop/eyes/eyeliner.html
http://www.allcosmeticswholesale.com/macpeliradi.html,http://www.allcosmeticswholesale.com/shop/eyes/eyeliner.html
http://www.allcosmeticswholesale.com/suadtopreyqu2.html,http://www.allcosmeticswholesale.com/shop/eyes/eye-shadow.html
http://www.allcosmeticswholesale.com/machekishmyp.html,http://www.allcosmeticswholesale.com/shop/face/powder.html
http://www.allcosmeticswholesale.com/bobrcrlipcob.html,http://www.allcosmeticswholesale.com/shop/lips/lipstick.html
http://www.allcosmeticswholesale.com/mamipobrnafa1.html,http://www.allcosmeticswholesale.com/shop/face/powder.html
http://www.allcosmeticswholesale.com/maceyeshcr1.html,http://www.allcosmeticswholesale.com/shop/eyes/eye-shadow.html
http://www.allcosmeticswholesale.com/maceyeshx3eg.html,http://www.allcosmeticswholesale.com/shop/eyes/eye-shadow.html
http://www.allcosmeticswholesale.com/lalalafeglch.html,http://www.allcosmeticswholesale.com/shop/lips/lip-gloss.html
http://www.allcosmeticswholesale.com/maclimiunub.html,http://www.allcosmeticswholesale.com/shop/lips/lip-gloss.html
http://www.allcosmeticswholesale.com/maceyeshsidi.html,http://www.allcosmeticswholesale.com/shop/eyes/eye-shadow.html
http://www.allcosmeticswholesale.com/viseblduoru.html,http://www.allcosmeticswholesale.com/shop/face/blush.html
http://www.allcosmeticswholesale.com/bobrshwaeyes1.html,http://www.allcosmeticswholesale.com/shop/eyes/eye-shadow.html
http://www.allcosmeticswholesale.com/macstscfonw.html,http://www.allcosmeticswholesale.com/shop/face/foundation.html
http://www.allcosmeticswholesale.com/stsmpotja.html,http://www.allcosmeticswholesale.com/shop/eyes/eyeliner.html
http://www.allcosmeticswholesale.com/maceyeshrecl.html,http://www.allcosmeticswholesale.com/shop/eyes/eye-shadow.html
http://www.allcosmeticswholesale.com/yslpaforeyd.html,http://www.allcosmeticswholesale.com/shop/eyes/eye-shadow.html
http://www.allcosmeticswholesale.com/smfu5seadfou.html,http://www.allcosmeticswholesale.com/shop/face/foundation.html
http://www.allcosmeticswholesale.com/macgllipe.html,http://www.allcosmeticswholesale.com/shop/lips/lipstick.html
http://www.allcosmeticswholesale.com/smheysime1.html,http://www.allcosmeticswholesale.com/shop/eyes/eyeliner.html
http://www.allcosmeticswholesale.com/lbanalipcox31.html,http://www.allcosmeticswholesale.com/shop/skincare/lips.html
http://www.allcosmeticswholesale.com/maceyeshkndi.html,http://www.allcosmeticswholesale.com/shop/eyes/eye-shadow.html
http://www.allcosmeticswholesale.com/urdelilicr.html,http://www.allcosmeticswholesale.com/shop/eyes/eyeliner.html
http://www.allcosmeticswholesale.com/macreglrego.html,http://www.allcosmeticswholesale.com/shop/eyes/pigments.html
http://www.allcosmeticswholesale.com/popbeeyecax3.html,http://www.allcosmeticswholesale.com/shop/eyes/eye-shadow.html
http://www.allcosmeticswholesale.com/smphfilidpru.html,http://www.allcosmeticswholesale.com/shop/eyes/primer.html
http://www.allcosmeticswholesale.com/macpichgr.html,http://www.allcosmeticswholesale.com/shop/eyes/pigments.html
http://www.allcosmeticswholesale.com/redchla66.html,http://www.allcosmeticswholesale.com/shop/eyes/eyelashes.html
http://www.allcosmeticswholesale.com/lin6honefali7.html,http://www.allcosmeticswholesale.com/shop/lips/lip-gloss.html
http://www.allcosmeticswholesale.com/maceyeshteti.html,http://www.allcosmeticswholesale.com/shop/eyes/eye-shadow.html
http://www.allcosmeticswholesale.com/urdeinkforey1.html,http://www.allcosmeticswholesale.com/shop/eyes/eyeliner.html
http://www.allcosmeticswholesale.com/macfirilawhb.html,http://www.allcosmeticswholesale.com/shop/eyes/eyelashes.html
http://www.allcosmeticswholesale.com/macnalavifed.html,http://www.allcosmeticswholesale.com/shop/eyes/eyelashes.html
http://www.allcosmeticswholesale.com/padolida.html,http://www.allcosmeticswholesale.com/shop/lips/lip-gloss.html
http://www.allcosmeticswholesale.com/viseberulipg7.html,http://www.allcosmeticswholesale.com/shop/lips/lip-gloss.html
http://www.allcosmeticswholesale.com/macnalahilih.html,http://www.allcosmeticswholesale.com/shop/nails.html
http://www.allcosmeticswholesale.com/macpopeliubd.html,http://www.allcosmeticswholesale.com/shop/eyes/eyeliner.html
http://www.allcosmeticswholesale.com/urdefopa.html,http://www.allcosmeticswholesale.com/shop/palettes-sets.html
http://www.allcosmeticswholesale.com/occveprbr0ta.html,http://www.allcosmeticswholesale.com/shop/accessories/brushes.html
http://www.allcosmeticswholesale.com/macgllishubg.html,http://www.allcosmeticswholesale.com/shop/lips/lipstick.html
http://www.allcosmeticswholesale.com/macpisava.html,http://www.allcosmeticswholesale.com/shop/eyes/pigments.html
http://www.allcosmeticswholesale.com/maexweblprpi1.html,http://www.allcosmeticswholesale.com/shop/face/blush.html
http://www.allcosmeticswholesale.com/maceyeshsuco.html,http://www.allcosmeticswholesale.com/shop/eyes/eye-shadow.html
http://www.allcosmeticswholesale.com/macstscfonw2.html,http://www.allcosmeticswholesale.com/shop/face/foundation.html
http://www.allcosmeticswholesale.com/urdeeyfl.html,http://www.allcosmeticswholesale.com/shop/eyes/eye-shadow.html
http://www.allcosmeticswholesale.com/smwilocrlilo.html,http://www.allcosmeticswholesale.com/shop/eyes.html
http://www.allcosmeticswholesale.com/popbesushhe.html,http://www.allcosmeticswholesale.com/shop/lips/lip-gloss.html
http://www.allcosmeticswholesale.com/eslapucoglst15.html,http://www.allcosmeticswholesale.com/shop/lips/lip-gloss.html
http://www.allcosmeticswholesale.com/eslapucoglst7.html,http://www.allcosmeticswholesale.com/shop/lips/lip-gloss.html
http://www.allcosmeticswholesale.com/lhipblblcrx2.html,http://www.allcosmeticswholesale.com/shop/face/blush.html
http://www.allcosmeticswholesale.com/macpisawhgo.html,http://www.allcosmeticswholesale.com/shop/eyes/pigments.html
http://www.allcosmeticswholesale.com/smheyeshsigu.html,http://www.allcosmeticswholesale.com/shop/eyes/eye-shadow.html
http://www.allcosmeticswholesale.com/maxfacogemip.html,http://www.allcosmeticswholesale.com/shop/face/powder.html
http://www.allcosmeticswholesale.com/redchla68.html,http://www.allcosmeticswholesale.com/shop/eyes/eyelashes.html
http://www.allcosmeticswholesale.com/macmocoeyesh.html,http://www.allcosmeticswholesale.com/shop/eyes/eye-shadow.html
http://www.allcosmeticswholesale.com/macmispf15fo19.html,http://www.allcosmeticswholesale.com/shop/face/foundation.html
http://www.allcosmeticswholesale.com/macoselibein.html,http://www.allcosmeticswholesale.com/shop/lips/lipstick.html
http://www.allcosmeticswholesale.com/cllapomadach.html,http://www.allcosmeticswholesale.com/shop/eyes/mascara.html
http://www.allcosmeticswholesale.com/lstsehipeyes3.html,http://www.allcosmeticswholesale.com/shop/eyes/eye-shadow.html
http://www.allcosmeticswholesale.com/prphliadmasp.html,http://www.allcosmeticswholesale.com/shop/face.html
http://www.allcosmeticswholesale.com/lstsehipeyes.html,http://www.allcosmeticswholesale.com/shop/eyes/eye-shadow.html
http://www.allcosmeticswholesale.com/macdaliwh.html,http://www.allcosmeticswholesale.com/shop/lips/lipstick.html
http://www.allcosmeticswholesale.com/macpeliflyby.html,http://www.allcosmeticswholesale.com/shop/eyes/eyeliner.html
http://www.allcosmeticswholesale.com/smoreslipshine.html,http://www.allcosmeticswholesale.com/shop/lips/lip-gloss.html
http://www.allcosmeticswholesale.com/lafusijutufi.html,http://www.allcosmeticswholesale.com/shop/lips/lip-gloss.html
http://www.allcosmeticswholesale.com/eslapucoeyes8.html,http://www.allcosmeticswholesale.com/shop/eyes/eye-shadow.html
http://www.allcosmeticswholesale.com/macmaliho.html,http://www.allcosmeticswholesale.com/shop/lips/lipstick.html
http://www.allcosmeticswholesale.com/bobrlipglhot.html,http://www.allcosmeticswholesale.com/shop/lips/lip-gloss.html
http://www.allcosmeticswholesale.com/macmofospf15.html,http://www.allcosmeticswholesale.com/shop/face/foundation.html
http://www.allcosmeticswholesale.com/occliptarco.html,http://www.allcosmeticswholesale.com/shop/lips.html
http://www.allcosmeticswholesale.com/macbrshmachd.html,http://www.allcosmeticswholesale.com/shop/accessories/brushes.html
http://www.allcosmeticswholesale.com/toofamiamblc.html,http://www.allcosmeticswholesale.com/shop/face/blush.html
http://www.allcosmeticswholesale.com/nacrblgome.html,http://www.allcosmeticswholesale.com/shop/face/blush.html
http://www.allcosmeticswholesale.com/urdedeeyeshs2.html,http://www.allcosmeticswholesale.com/shop/eyes/eye-shadow.html
http://www.allcosmeticswholesale.com/lajutuulshli18.html,http://www.allcosmeticswholesale.com/shop/lips/lipstick.html
http://www.allcosmeticswholesale.com/macprolomabu.html,http://www.allcosmeticswholesale.com/shop/eyes/mascara.html
http://www.allcosmeticswholesale.com/smwilolicoyu.html,http://www.allcosmeticswholesale.com/shop/lips/lip-gloss.html
http://www.allcosmeticswholesale.com/redchla62.html,http://www.allcosmeticswholesale.com/shop/eyes/eyelashes.html
http://www.allcosmeticswholesale.com/ysltilipba1s.html,http://www.allcosmeticswholesale.com/shop/eyes/eyelashes.html
http://www.allcosmeticswholesale.com/sale/625.html,http://www.allcosmeticswholesale.com/sale.html
http://www.allcosmeticswholesale.com/rocicoyojeli2.html,http://www.allcosmeticswholesale.com/shop/lips/lip-gloss.html
http://www.allcosmeticswholesale.com/dirodicrdegl3.html,http://www.allcosmeticswholesale.com/shop/lips/lip-gloss.html
http://www.allcosmeticswholesale.com/maceyeshsc1d.html,http://www.allcosmeticswholesale.com/shop/eyes/eye-shadow.html
http://www.allcosmeticswholesale.com/chbrexgllipe.html,http://www.allcosmeticswholesale.com/shop/lips/lip-gloss.html
http://www.allcosmeticswholesale.com/sale/nails/625.html,http://www.allcosmeticswholesale.com/shop/nails.html
http://www.allcosmeticswholesale.com/mamipocofa.html,http://www.allcosmeticswholesale.com/shop/face/concealer.html
http://www.allcosmeticswholesale.com/licrmaduloey1.html,http://www.allcosmeticswholesale.com/shop/eyes/eye-shadow.html
http://www.allcosmeticswholesale.com/bobrmeeyeshg.html,http://www.allcosmeticswholesale.com/shop/eyes/eye-shadow.html
http://www.allcosmeticswholesale.com/rocketcity.html,http://www.allcosmeticswholesale.com/brand
http://www.allcosmeticswholesale.com/macluliqupld.html,http://www.allcosmeticswholesale.com/shop/lips/lipstick.html
http://www.allcosmeticswholesale.com/kraqinsiresi.html,http://www.allcosmeticswholesale.com/
http://www.allcosmeticswholesale.com/bobreyeshma.html,http://www.allcosmeticswholesale.com/shop/eyes/eye-shadow.html
http://www.allcosmeticswholesale.com/krdelibldb7.html,http://www.allcosmeticswholesale.com/shop/face/blush.html
http://www.allcosmeticswholesale.com/macroas6meey.html,http://www.allcosmeticswholesale.com/shop/eyes/eye-shadow.html
http://www.allcosmeticswholesale.com/macfrlide.html,http://www.allcosmeticswholesale.com/shop/lips/lipstick.html
http://www.allcosmeticswholesale.com/maceyeshre.html,http://www.allcosmeticswholesale.com/shop/eyes/eye-shadow.html
http://www.allcosmeticswholesale.com/redchla76.html,http://www.allcosmeticswholesale.com/shop/eyes/eyelashes.html
http://www.allcosmeticswholesale.com/macmishblso.html,http://www.allcosmeticswholesale.com/shop/eyes/eye-shadow.html
http://www.allcosmeticswholesale.com/bobrtrsilumo4.html,http://www.allcosmeticswholesale.com/shop/face/foundation.html
http://www.allcosmeticswholesale.com/smwilolipgls.html,http://www.allcosmeticswholesale.com/shop/lips/lip-gloss.html
http://www.allcosmeticswholesale.com/talicalamabl.html,http://www.allcosmeticswholesale.com/shop/eyes/mascara.html
http://www.allcosmeticswholesale.com/macsieyeshbr.html,http://www.allcosmeticswholesale.com/shop/accessories/brushes.html
http://www.allcosmeticswholesale.com/10pusufrscma.html,http://www.allcosmeticswholesale.com/shop/skincare/face.html
http://www.allcosmeticswholesale.com/macmiskshub.html,http://www.allcosmeticswholesale.com/shop/face/powder.html
http://www.allcosmeticswholesale.com/maccrlicrdnu.html,http://www.allcosmeticswholesale.com/shop/lips/lipstick.html
http://www.allcosmeticswholesale.com/lcorilimoma.html,http://www.allcosmeticswholesale.com/shop/lips/lipstick.html
http://www.allcosmeticswholesale.com/kraqinsiretk.html,http://www.allcosmeticswholesale.com/shop/eyes/eye-shadow-refills.html
http://www.allcosmeticswholesale.com/lidskgepomis.html,http://www.allcosmeticswholesale.com/shop/skincare/face.html
http://www.allcosmeticswholesale.com/macamcrlison.html,http://www.allcosmeticswholesale.com/shop/lips/lipstick.html
http://www.allcosmeticswholesale.com/cllismcode.html,http://www.allcosmeticswholesale.com/shop/face/concealer.html
http://www.allcosmeticswholesale.com/macsqpopuwh.html,http://www.allcosmeticswholesale.com/shop/face/powder.html
http://www.allcosmeticswholesale.com/macseethlipc.html,http://www.allcosmeticswholesale.com/shop/lips/lipstick.html
http://www.allcosmeticswholesale.com/maceyeshx4to.html,http://www.allcosmeticswholesale.com/shop/eyes/eye-shadow.html
http://www.allcosmeticswholesale.com/clcosueyeshq.html, http://www.allcosmeticswholesale.com/shop/eyes/eye-shadow.html
http://www.allcosmeticswholesale.com/macfafitotebag.html,http://www.allcosmeticswholesale.com/shop/accessories/bags.html
http://www.allcosmeticswholesale.com/redchlafllob.html,http://www.allcosmeticswholesale.com/shop/eyes/eyelashes.html
http://www.allcosmeticswholesale.com/maexweblpeof.html,http://www.allcosmeticswholesale.com/shop/face/blush.html
http://www.allcosmeticswholesale.com/mactrlisided.html,http://www.allcosmeticswholesale.com/shop/lips/lip-gloss.html
http://www.allcosmeticswholesale.com/macdaedhilip.html,http://www.allcosmeticswholesale.com/shop/face/powder.html
http://www.allcosmeticswholesale.com/machebepoalg.html,http://www.allcosmeticswholesale.com/shop/face/powder.html
http://www.allcosmeticswholesale.com/macpopenast.html,http://www.allcosmeticswholesale.com/shop/eyes/eyeliner.html
http://www.allcosmeticswholesale.com/10punajulipg1.html,http://www.allcosmeticswholesale.com/shop/lips/lip-gloss.html
http://www.allcosmeticswholesale.com/lacofoeyequ44.html,http://www.allcosmeticswholesale.com/shop/eyes/eye-shadow.html
http://www.allcosmeticswholesale.com/bobrvepleyep.html,http://www.allcosmeticswholesale.com/shop/eyes/eye-shadow.html
http://www.allcosmeticswholesale.com/stcopuupsrof.html,http://www.allcosmeticswholesale.com/shop/face/blush.html
http://www.allcosmeticswholesale.com/toofapicoglg.html,http://www.allcosmeticswholesale.com/shop/lips/lip-gloss.html
http://www.allcosmeticswholesale.com/maexweshqupa.html,http://www.allcosmeticswholesale.com/shop/eyes/eye-shadow.html
http://www.allcosmeticswholesale.com/bobrmelowecr4.html,http://www.allcosmeticswholesale.com/shop/eyes/eye-shadow.html
http://www.allcosmeticswholesale.com/maceyeshreco3.html,http://www.allcosmeticswholesale.com/shop/eyes/eye-shadow-refills.html
http://www.allcosmeticswholesale.com/macgrstchmad.html,http://www.allcosmeticswholesale.com/shop/eyes/eyeliner.html
http://www.allcosmeticswholesale.com/cl6colippaub.html,http://www.allcosmeticswholesale.com/shop/lips.html
http://www.allcosmeticswholesale.com/macfrlirara.html,http://www.allcosmeticswholesale.com/shop/lips/lipstick.html
http://www.allcosmeticswholesale.com/10puheflskfo3.html,http://www.allcosmeticswholesale.com/shop/face/foundation.html
http://www.allcosmeticswholesale.com/lamemato.html,http://www.allcosmeticswholesale.com/shop/palettes-sets.html
http://www.allcosmeticswholesale.com/smlipbrpast2.html,http://www.allcosmeticswholesale.com/shop/lips.html
http://www.allcosmeticswholesale.com/laciboxlmi.html,http://www.allcosmeticswholesale.com/shop/eyes/mascara.html
http://www.allcosmeticswholesale.com/bobroilfrevf18.html,http://www.allcosmeticswholesale.com/shop/face/foundation.html
http://www.allcosmeticswholesale.com/popriglmipor.html,http://www.allcosmeticswholesale.com/shop/lips/lip-gloss.html
http://www.allcosmeticswholesale.com/di5coeypastm.html,http://www.allcosmeticswholesale.com/shop/eyes/eye-shadow.html
http://www.allcosmeticswholesale.com/stmiillifo50.html,http://www.allcosmeticswholesale.com/shop/face/foundation.html
http://www.allcosmeticswholesale.com/maclipmixblue.html,http://www.allcosmeticswholesale.com/shop/lips.html
http://www.allcosmeticswholesale.com/maxfaviimeye4.html,http://www.allcosmeticswholesale.com/shop/eyes/eye-shadow.html
http://www.allcosmeticswholesale.com/eslapucoeyec.html,http://www.allcosmeticswholesale.com/shop/eyes/eye-shadow.html
http://www.allcosmeticswholesale.com/duwop.html,http://www.allcosmeticswholesale.com/shop/lips/lipstick.html
http://www.allcosmeticswholesale.com/clmosuexthsk.html,http://www.allcosmeticswholesale.com/shop/skincare/face.html
http://www.allcosmeticswholesale.com/mamoexlisipl.html,http://www.allcosmeticswholesale.com/shop/lips/lipstick.html
http://www.allcosmeticswholesale.com/maxfaviimeye3.html,http://www.allcosmeticswholesale.com/shop/eyes/eye-shadow.html
http://www.allcosmeticswholesale.com/bobroilfrevf21.html,http://www.allcosmeticswholesale.com/shop/face/foundation.html
http://www.allcosmeticswholesale.com/lacodeseefsh3.html,http://www.allcosmeticswholesale.com/shop/eyes/eye-shadow.html
http://www.allcosmeticswholesale.com/stsmpotmiblu.html,http://www.allcosmeticswholesale.com/shop/eyes/eye-shadow.html
http://www.allcosmeticswholesale.com/jarelipbrsi.html,http://www.allcosmeticswholesale.com/shop/accessories/brushes.html
http://www.allcosmeticswholesale.com/rociblplplub.html,http://www.allcosmeticswholesale.com/shop/face/blush.html
http://www.allcosmeticswholesale.com/maclilidibld.html,http://www.allcosmeticswholesale.com/shop/eyes/eyeliner.html
http://www.allcosmeticswholesale.com/urdedeeyeshz.html,http://www.allcosmeticswholesale.com/shop/eyes/eye-shadow.html
http://www.allcosmeticswholesale.com/maclash42.html,http://www.allcosmeticswholesale.com/shop/eyes/eyelashes.html
http://www.allcosmeticswholesale.com/10puacbeaney.html,http://www.allcosmeticswholesale.com/shop/skincare/eyes.html
http://www.allcosmeticswholesale.com/stitgllipshs.html,http://www.allcosmeticswholesale.com/shop/lips/lip-gloss.html
http://www.allcosmeticswholesale.com/maceyeshhedi.html,http://www.allcosmeticswholesale.com/shop/eyes/eye-shadow.html
http://www.allcosmeticswholesale.com/macblotfilm.html,http://www.allcosmeticswholesale.com/shop/skincare/face.html
http://www.allcosmeticswholesale.com/maclifamadi.html,http://www.allcosmeticswholesale.com/shop/lips/lip-gloss.html
http://www.allcosmeticswholesale.com/maclisowadi.html,http://www.allcosmeticswholesale.com/shop/lips/lip-gloss.html
http://www.allcosmeticswholesale.com/lcojulipglsu.html,http://www.allcosmeticswholesale.com/shop/lips/lip-gloss.html
http://www.allcosmeticswholesale.com/mac6dalaeyes.html,http://www.allcosmeticswholesale.com/shop/eyes/eye-shadow.html
http://www.allcosmeticswholesale.com/maclimispub1.html,http://www.allcosmeticswholesale.com/shop/lips/lip-gloss.html
http://www.allcosmeticswholesale.com/lglshlist.html,http://www.allcosmeticswholesale.com/shop/lips/lip-gloss.html
http://www.allcosmeticswholesale.com/yslpacodfore.html,http://www.allcosmeticswholesale.com/shop/eyes/eye-shadow.html
http://www.allcosmeticswholesale.com/mitocrlipila.html,http://www.allcosmeticswholesale.com/shop/lips/lipstick.html
http://www.allcosmeticswholesale.com/10punajulipg.html,http://www.allcosmeticswholesale.com/shop/lips/lip-gloss.html
http://www.allcosmeticswholesale.com/macpigmentrose.html,http://www.allcosmeticswholesale.com/shop/eyes/pigments.html
http://www.allcosmeticswholesale.com/clcosueyeshb.html,http://www.allcosmeticswholesale.com/shop/eyes/eye-shadow.html
http://www.allcosmeticswholesale.com/macdacrsoda1.html,http://www.allcosmeticswholesale.com/shop/lips/lip-gloss.html
http://www.allcosmeticswholesale.com/macpoblflpo1.html,http://www.allcosmeticswholesale.com/shop/face/blush.html
http://www.allcosmeticswholesale.com/bepoblra.html,http://www.allcosmeticswholesale.com/shop/face/blush.html
http://www.allcosmeticswholesale.com/smeyeshquel.html,http://www.allcosmeticswholesale.com/shop/eyes/eye-shadow.html
http://www.allcosmeticswholesale.com/10puheflskfo1.html,http://www.allcosmeticswholesale.com/shop/face/foundation.html
http://www.allcosmeticswholesale.com/trmclipglseu.html,http://www.allcosmeticswholesale.com/shop/lips/lip-gloss.html
http://www.allcosmeticswholesale.com/leyecrduorhe2.html,http://www.allcosmeticswholesale.com/shop/skincare/eyes.html
http://www.allcosmeticswholesale.com/bufucopllipp3.html,http://www.allcosmeticswholesale.com/shop/lips/lip-gloss.html
http://www.allcosmeticswholesale.com/macslligrdi.html,http://www.allcosmeticswholesale.com/shop/lips/lipstick.html
http://www.allcosmeticswholesale.com/br19spedfobr.html,http://www.allcosmeticswholesale.com/shop/accessories/brushes.html
http://www.allcosmeticswholesale.com/bobrliplibau.html,http://www.allcosmeticswholesale.com/shop/lips/lip-liner.html
http://www.allcosmeticswholesale.com/macgllilolod.html,http://www.allcosmeticswholesale.com/shop/lips/lipstick.html
http://www.allcosmeticswholesale.com/maclumienubd.html,http://www.allcosmeticswholesale.com/shop/lips/lip-gloss.html
http://www.allcosmeticswholesale.com/maccrcobacrb.html,http://www.allcosmeticswholesale.com/shop/face/blush.html
http://www.allcosmeticswholesale.com/macfrlieutac.html,http://www.allcosmeticswholesale.com/shop/lips/lipstick.html
http://www.allcosmeticswholesale.com/mitoshlijupe.html,http://www.allcosmeticswholesale.com/shop/lips/lipstick.html
http://www.allcosmeticswholesale.com/mac3dglin3du.html,http://www.allcosmeticswholesale.com/shop/everything-else.html
http://www.allcosmeticswholesale.com/bobrliptispf4.html,http://www.allcosmeticswholesale.com/shop/lips.html
http://www.allcosmeticswholesale.com/mactelipbapu.html,http://www.allcosmeticswholesale.com/shop/lips/balms.html
http://www.allcosmeticswholesale.com/maceypadiub.html,http://www.allcosmeticswholesale.com/shop/eyes/eye-shadow.html
http://www.allcosmeticswholesale.com/eslabrshpopl.html,http://www.allcosmeticswholesale.com/shop/face/powder.html
http://www.allcosmeticswholesale.com/macmiblda.html,http://www.allcosmeticswholesale.com/shop/face/blush.html
http://www.allcosmeticswholesale.com/modomaceyqux.html,http://www.allcosmeticswholesale.com/shop/eyes/eye-shadow.html
http://www.allcosmeticswholesale.com/macbepoblofy.html,http://www.allcosmeticswholesale.com/shop/face/powder.html
http://www.allcosmeticswholesale.com/naskesvise.html,http://www.allcosmeticswholesale.com/shop/skincare/face.html
http://www.allcosmeticswholesale.com/10putrsibrsc.html,http://www.allcosmeticswholesale.com/shop/skincare/face.html
http://www.allcosmeticswholesale.com/maccrlimo.html,http://www.allcosmeticswholesale.com/shop/lips/lipstick.html
http://www.allcosmeticswholesale.com/maloshpopicr.html,http://www.allcosmeticswholesale.com/shop/face/powder.html
http://www.allcosmeticswholesale.com/bobrblne1.html,http://www.allcosmeticswholesale.com/shop/face/blush.html
http://www.allcosmeticswholesale.com/lacodequpain.html,http://www.allcosmeticswholesale.com/shop/eyes/eye-shadow.html
http://www.allcosmeticswholesale.com/smheysiulvi.html,http://www.allcosmeticswholesale.com/shop/eyes/eye-shadow.html
http://www.allcosmeticswholesale.com/macoselipiof.html,http://www.allcosmeticswholesale.com/shop/lips/lipstick.html
http://www.allcosmeticswholesale.com/bashlashlula.html,http://www.allcosmeticswholesale.com/shop/eyes/eye-shadow.html
http://www.allcosmeticswholesale.com/nalidaub.html,http://www.allcosmeticswholesale.com/shop/lips/lipstick.html
http://www.allcosmeticswholesale.com/bobrcodilipe.html,http://www.allcosmeticswholesale.com/shop/eyes/eye-shadow.html
http://www.allcosmeticswholesale.com/macmalimimed.html,http://www.allcosmeticswholesale.com/shop/lips/lipstick.html
http://www.allcosmeticswholesale.com/steyeshdilil.html,http://www.allcosmeticswholesale.com/shop/eyes/eye-shadow.html
http://www.allcosmeticswholesale.com/macfalihitop.html,http://www.allcosmeticswholesale.com/shop/lips/lipstick.html
http://www.allcosmeticswholesale.com/eslapucoglst13.html,http://www.allcosmeticswholesale.com/shop/lips/lip-gloss.html
http://www.allcosmeticswholesale.com/laefgeeyemar.html,http://www.allcosmeticswholesale.com/shop/skincare/face.html
http://www.allcosmeticswholesale.com/macseshlopon4.html,http://www.allcosmeticswholesale.com/shop/face/powder.html
http://www.allcosmeticswholesale.com/maceyeshx4am.html,http://www.allcosmeticswholesale.com/shop/eyes/eye-shadow.html
http://www.allcosmeticswholesale.com/talahuecofrn.html,http://www.allcosmeticswholesale.com/shop/eyes/mascara.html
http://www.allcosmeticswholesale.com/kraqsire502.html,http://www.allcosmeticswholesale.com/shop/face/powder.html
http://www.allcosmeticswholesale.com/kraqsire517.html,http://www.allcosmeticswholesale.com/shop/face/powder.html
http://www.allcosmeticswholesale.com/stsmpotmiviu.html,http://www.allcosmeticswholesale.com/shop/eyes/eye-shadow.html
http://www.allcosmeticswholesale.com/smbr4duoendc.html,http://www.allcosmeticswholesale.com/shop/accessories/brushes.html
http://www.allcosmeticswholesale.com/lhipjebax3pl.html,http://www.allcosmeticswholesale.com/shop/lips/balms.html
http://www.allcosmeticswholesale.com/urdesmoutpem.html,http://www.allcosmeticswholesale.com/shop/eyes/eyeliner.html
http://www.allcosmeticswholesale.com/cltrbrbrgelf.html,http://www.allcosmeticswholesale.com/shop/face/powder.html
http://www.allcosmeticswholesale.com/maageredofap1.html,http://www.allcosmeticswholesale.com/shop/face/concealer.html
http://www.allcosmeticswholesale.com/lcojustchloy.html,http://www.allcosmeticswholesale.com/shop/lips/lipstick.html
http://www.allcosmeticswholesale.com/lweineyeshqu2.html,http://www.allcosmeticswholesale.com/shop/eyes/eye-shadow.html
http://www.allcosmeticswholesale.com/mamipolublsu.html,http://www.allcosmeticswholesale.com/shop/face/blush.html
http://www.allcosmeticswholesale.com/clhiimmamibl.html,http://www.allcosmeticswholesale.com/shop/eyes/mascara.html
http://www.allcosmeticswholesale.com/macsulieyeli.html,http://www.allcosmeticswholesale.com/shop/eyes/eyeliner.html
http://www.allcosmeticswholesale.com/maclumiwoub.html,http://www.allcosmeticswholesale.com/shop/lips/lip-gloss.html
http://www.allcosmeticswholesale.com/lhipcocrcoch.html,http://www.allcosmeticswholesale.com/shop/eyes/eyeliner.html
http://www.allcosmeticswholesale.com/smshlitrhotd.html,http://www.allcosmeticswholesale.com/shop/eyes.html
http://www.allcosmeticswholesale.com/vise3berucrs.html,http://www.allcosmeticswholesale.com/shop/eyes/eye-shadow.html
http://www.allcosmeticswholesale.com/smheysicatr.html,http://www.allcosmeticswholesale.com/shop/eyes/eye-shadow.html
http://www.allcosmeticswholesale.com/nars.html,http://www.allcosmeticswholesale.com/brand/index/view/?brandname=Nars&manufacturer=86
http://www.allcosmeticswholesale.com/13.html,http://www.allcosmeticswholesale.com/brand/index/view/?brandname=Nars&manufacturer=86
http://www.allcosmeticswholesale.com/revlon.html,http://www.allcosmeticswholesale.com/brand/index/view/?brandname=Revlon&manufacturer=19
http://www.allcosmeticswholesale.com/privacypolicy.html,http://www.allcosmeticswholesale.com/privacy-policy/
http://www.allcosmeticswholesale.com/redchla203.html,http://www.allcosmeticswholesale.com/red-cherry-lashes-c-203.html#.V95jbfB97Dc
http://www.allcosmeticswholesale.com/lalecrkhwali1.html,http://www.allcosmeticswholesale.com/lancome-le-crayon-khol-waterproof-liner-rebellious-berry-u-b.html#.V95nSvB97Dc
http://www.allcosmeticswholesale.com/occliptartr.html,http://www.allcosmeticswholesale.com/occ-lip-tar-trollop.html#.V9-eKPB97Dc
http://www.allcosmeticswholesale.com/macpisapr.html,http://www.allcosmeticswholesale.com/mac-pigment-sample-provence.html#.V9-ec_B97Dc
http://www.allcosmeticswholesale.com/redchla.html,http://www.allcosmeticswholesale.com/brand/index/view/?brandname=Red+Cherry&manufacturer=144
http://www.allcosmeticswholesale.com/macpipadi.html,http://www.allcosmeticswholesale.com/mac-pigment-sample-pastorale.html#.V9-fUvB97Dc
http://www.allcosmeticswholesale.com/lips.html,http://www.allcosmeticswholesale.com/shop/lips.html
http://www.allcosmeticswholesale.com/15.html,http://www.allcosmeticswholesale.com/shop/face/foundation.html
http://www.allcosmeticswholesale.com/eslaadnirepr.html,http://www.allcosmeticswholesale.com/estee-lauder-travel-size-advanced-night-repair-24-fl-oz-u-b.html#.V9-4OfB97Dc
http://www.allcosmeticswholesale.com/nablredovit.html,http://www.allcosmeticswholesale.com/nars-blush-dolce-vita.html#.V9-_PPB97Dc
http://www.allcosmeticswholesale.com/lameeyebawh1.html,http://www.allcosmeticswholesale.com/laura-mercier-eye-basics-eye-primer-wheat-u-b.html#.V9_GxPB97Dc
http://www.allcosmeticswholesale.com/macpistbl.html,http://www.allcosmeticswholesale.com/mac-pigment-sample-steel-blue.html
http://www.allcosmeticswholesale.com/benefithoola.html,http://www.allcosmeticswholesale.com/benefit-dew-the-hoola.html
http://www.allcosmeticswholesale.com/ysl.html,http://www.allcosmeticswholesale.com/brand/index/view/?brandname=YSL&manufacturer=612
http://www.allcosmeticswholesale.com/recolicapi0.html,http://www.allcosmeticswholesale.com/revlon-colorburst-lipstick-candy-pink-008.html#.V-Hh7_B97Dc
http://www.allcosmeticswholesale.com/zpasmbl.html,http://www.allcosmeticswholesale.com/z-palette-dome-black.html#.V-Hq0_B97Dc
http://www.allcosmeticswholesale.com/index.html,http://www.allcosmeticswholesale.com/shop.html
http://www.allcosmeticswholesale.com/viseberulipg8.html,http://www.allcosmeticswholesale.com/victoria-s-secret-beauty-rush-flavored-gloss-shade-5.html#.V-HyhfB97Dc
http://www.allcosmeticswholesale.com/zpalabl.html,http://www.allcosmeticswholesale.com/z-palette-dome-black.html#.V-H16fB97Dc
http://www.allcosmeticswholesale.com/lipgloss.html,http://www.allcosmeticswholesale.com/shop/lips/lip-gloss.html
http://www.allcosmeticswholesale.com/macseshprpon9.html,http://www.allcosmeticswholesale.com/mac-select-sheer-pressed-powder-nw43.html#.V-RlYPB97Dc
http://www.allcosmeticswholesale.com/occliptaranime.html,http://www.allcosmeticswholesale.com/occ-lip-tar-anime.html#.V-Rrm_B97Dc
http://www.allcosmeticswholesale.com/smhlafrpa.html,http://www.allcosmeticswholesale.com/smh-palette-freestyle-small.html#.V-Rt9_B97Dc
http://www.allcosmeticswholesale.com/miscbrands.html,http://www.allcosmeticswholesale.com/brand
http://www.allcosmeticswholesale.com/macsttefonw9.html,http://www.allcosmeticswholesale.com/mac-studio-tech-foundation-nw47.html#.V-R4HfB97Dc
http://www.allcosmeticswholesale.com/macpiloli75g.html,http://www.allcosmeticswholesale.com/mac-pigment-sample-lovely-lily.html#.V-R6efB97Dc
http://www.allcosmeticswholesale.com/bobrshbrsetp.html,http://www.allcosmeticswholesale.com/bobbi-brown-shimmer-brick-eye-palette-pink-opal.html#.V-WXqfB97Dc
http://www.allcosmeticswholesale.com/macpimu75gja.html,http://www.allcosmeticswholesale.com/mac-pigment-sample-mutiny.html#.V-WYffB97Dc
http://www.allcosmeticswholesale.com/favicon.ico,http://www.allcosmeticswholesale.com/
http://www.allcosmeticswholesale.com/macmiskname.html,http://www.allcosmeticswholesale.com/mac-mineralize-skinfinish-natural-medium-dark.html#.V-WbNfB97Dc
http://www.allcosmeticswholesale.com/benefit.html,http://www.allcosmeticswholesale.com/brand/index/view/?brandname=Benefit&manufacturer=22
http://www.allcosmeticswholesale.com/macpisach.html,http://www.allcosmeticswholesale.com/shop/eyes/pigments.html
http://www.allcosmeticswholesale.com/smh28slshpa.html,http://www.allcosmeticswholesale.com/smh-palette-12-slot-shadow-magnetized.html#.V-cPw_B97Dc
http://www.allcosmeticswholesale.com/occliptarhush.html,http://www.allcosmeticswholesale.com/occ-lip-tar-rtw-hush.html#.V-cjm_B97Dc
http://www.allcosmeticswholesale.com/macpigool7.html,http://www.allcosmeticswholesale.com/mac-pigment-sample-golden-olive.html#.V-ckvPB97Dc
http://www.allcosmeticswholesale.com/macpapotpe.html,http://www.allcosmeticswholesale.com/mac-paint-pot-perky.html#.V-cuVPB97Dc
http://www.allcosmeticswholesale.com/nalipglrogi.html,http://www.allcosmeticswholesale.com/nars-lip-gloss-rose-gitane.html#.V-c0rPB97Dc
http://www.allcosmeticswholesale.com/jasanaclfifo1.html,http://www.allcosmeticswholesale.com/japonesque-safety-nail-clipper-file-for-baby-dolphin.html#.V-dFl_B97Dc
http://www.allcosmeticswholesale.com/macpisarili.html,http://www.allcosmeticswholesale.com/mac-pigment-sample-rich-life.html#.V-dLQvB97Dc
http://www.allcosmeticswholesale.com/macbr16blwsp2.html,http://www.allcosmeticswholesale.com/mac-brush-angled-contour-168.html#.V-dUxvB97Dc
http://www.allcosmeticswholesale.com/macslliprdi.html,http://www.allcosmeticswholesale.com/shop/lips/lipstick.html
http://www.allcosmeticswholesale.com/macstficonc4.html,http://www.allcosmeticswholesale.com/mac-studio-finish-concealer-spf-35-nc50.html#.V-ehbPB97Dc
http://www.allcosmeticswholesale.com/occliptarrx.html,http://www.allcosmeticswholesale.com/occ-lip-tar-rtw-rx.html#.V-e3VvB97Dc
http://www.allcosmeticswholesale.com/smh12slshpam.html,http://www.allcosmeticswholesale.com/smh-palette-12-slot-shadow-magnetized.html#.V-e43_B97Dc
http://www.allcosmeticswholesale.com/macbrpobr.html,http://www.allcosmeticswholesale.com/mac-bronzing-powder-bronze.html#.V-fG6fB97Dc
http://www.allcosmeticswholesale.com/macbrporego.html,http://www.allcosmeticswholesale.com/mac-bronzing-powder-refined-golden.html#.V-kWYvB97Dc
http://www.allcosmeticswholesale.com/maceyeshyopu.html,http://www.allcosmeticswholesale.com/mac-mineralize-eye-shadow-young-punk.html#.V-k07vB97Dc
http://www.allcosmeticswholesale.com/macbr219pebr1.html,http://www.allcosmeticswholesale.com/mac-brush-pencil-219.html#.V-k7IvB97Dc
http://www.allcosmeticswholesale.com/smashbox.html,http://www.allcosmeticswholesale.com/brand/index/view/?brandname=Smashbox&manufacturer=188
http://www.allcosmeticswholesale.com/namuma1.html,http://www.allcosmeticswholesale.com/nars-duo-multiple-maui-palm-beach.html#.V-pu-fB97Dc
http://www.allcosmeticswholesale.com/macglsarepe.html,http://www.allcosmeticswholesale.com/mac-pigment-sample-pink-pearl.html#.V-qMQfB97Dc
http://www.allcosmeticswholesale.com/macpivizvidi.html,http://www.allcosmeticswholesale.com/mac-pigment-sample-viz-a-violet.html#.V-ta4_B97Dc
http://www.allcosmeticswholesale.com/occliptarset.html,http://www.allcosmeticswholesale.com/occ-pro-s-picks-portables-lip-tar-test-tube-x-12-set.html#.V-ugefB97Dc
http://www.allcosmeticswholesale.com/maccrcobapr.html,http://www.allcosmeticswholesale.com/mac-cream-colour-base-premeditated.html#.V-vJrfB97Dc
http://www.allcosmeticswholesale.com/urdeeyeshmic2.html,http://www.allcosmeticswholesale.com/shop/eyes/eye-shadow.html
http://www.allcosmeticswholesale.com/occcoglgo.html,http://www.allcosmeticswholesale.com/occ-cosmetic-glitter-gold.html#.V-y7y_B97Dc
http://www.allcosmeticswholesale.com/macpiprdi.html,http://www.allcosmeticswholesale.com/mac-pigment-sample-provence.html#.V-zQpfB97Dc
http://www.allcosmeticswholesale.com/sugarpill.html,http://www.allcosmeticswholesale.com/brand/index/view/?brandname=Sugarpill&manufacturer=191
http://www.allcosmeticswholesale.com/occliptardi.html,http://www.allcosmeticswholesale.com/occ-lip-tar-divine.html#.V-zzlvB97Dc
http://www.allcosmeticswholesale.com/soldout.html,http://www.allcosmeticswholesale.com/
http://www.allcosmeticswholesale.com/occliptarcha.html,http://www.allcosmeticswholesale.com/occ-lip-tar-cha-cha.html#.V-0Gh_B97Dc
http://www.allcosmeticswholesale.com/urdetrsi24gl6.html,http://www.allcosmeticswholesale.com/urban-decay-travel-size-24-7-glide-on-eye-pencils-electric-u-b.html#.V-59jfB97Dc
http://www.allcosmeticswholesale.com/sale/,http://www.allcosmeticswholesale.com/sale.html
http://www.allcosmeticswholesale.com/urde24glonli1.html,http://www.allcosmeticswholesale.com/urban-decay-travel-size-24-7-glide-on-lip-pencil-naked-u-b.html#.V-7LpfB97Dc
http://www.allcosmeticswholesale.com/macshshblrep1.html,http://www.allcosmeticswholesale.com/mac-sheertone-powder-blush-peachtwist.html#.WAMB0-B97Dc
http://www.allcosmeticswholesale.com/maceyeshrebi1.html,http://www.allcosmeticswholesale.com/shop/eyes/eye-shadow-refills.html
http://www.allcosmeticswholesale.com/maceyeshbeir.html,http://www.allcosmeticswholesale.com/mac-eye-shadow-beautiful-iris.html#.V-8o0_B97Dc
http://www.allcosmeticswholesale.com/bepoblspsh.html,http://www.allcosmeticswholesale.com/mac-sheertone-shimmer-blush-springsheen.html#.V-8pAfB97Dc
http://www.allcosmeticswholesale.com/redchlad.html,http://www.allcosmeticswholesale.com/red-cherry-lashes-d-008.html#.V-8pg_B97Dc
http://www.allcosmeticswholesale.com/bobrevmadabr.html,http://www.allcosmeticswholesale.com/
http://www.allcosmeticswholesale.com/maybelline.html,http://www.allcosmeticswholesale.com/brand/index/view/?brandname=Maybelline&manufacturer=139
http://www.allcosmeticswholesale.com/nasieysini.html,http://www.allcosmeticswholesale.com/nars-single-eyeshadow-silent-night.html#.V-9DNfB97Dc
http://www.allcosmeticswholesale.com/smlimina.html,http://www.allcosmeticswholesale.com/shop/lips/lip-gloss.html
http://www.allcosmeticswholesale.com/mackopoeyepe.html,http://www.allcosmeticswholesale.com/mac-kohl-power-eye-pencil-sense-of-style.html#.V-9jY_B97Dc
http://www.allcosmeticswholesale.com/lameeyepacht.html,http://www.allcosmeticswholesale.com/
http://www.allcosmeticswholesale.com/index.html,http://www.allcosmeticswholesale.com/shop.html
http://www.allcosmeticswholesale.com/kraqsire32a.html,http://www.allcosmeticswholesale.com/cargo-eye-shadow-surrey-u-b.html#.V_3qHeB97Dc
http://www.allcosmeticswholesale.com/mac.html,http://www.allcosmeticswholesale.com/brand/index/view/?brandname=Mac&manufacturer=85
http://www.allcosmeticswholesale.com/face.html,http://www.allcosmeticswholesale.com/shop/face.html
http://www.allcosmeticswholesale.com/macpigr.html,http://www.allcosmeticswholesale.com/mac-pigment-sample-grape.html#.V_4rsuB97Dc
http://www.allcosmeticswholesale.com/dior.html,http://www.allcosmeticswholesale.com/brand/index/view/?brandname=Dior&manufacturer=77
http://www.allcosmeticswholesale.com/sale,http://www.allcosmeticswholesale.com/sale.html
